{
	"id": "25fce958-6d5e-77f9-b95b-38aba0e91a6f",
	"name": "API Playground",
	"description": "These requests showcase some of the things you can do with the API",
	"order": [
		"406272df-59a2-f46d-2fc2-49238a8dd53a",
		"6703061a-d41f-cb7c-10f6-794e9b489b11",
		"e35ca4f1-b09c-546f-925f-ba6ca50d660e",
		"416e9150-d2a3-9f5b-c914-793647ad6228",
		"2d400e90-c5dd-14a3-eeeb-adced1402249",
		"995efcb7-2908-4a6e-0ef5-7ea1fad04793",
		"e97750d1-a17b-d833-cad3-b334eae40b8d",
		"c17d89ac-0b84-9c1f-8112-c89085a3ca34",
		"61bda0b4-f97d-727d-2cd7-04ba7fad1f0b",
		"20165c82-4302-7d7f-6f54-1c739d6c4a85",
		"3ffb9a56-c80d-2f5d-9055-3f64b3601a7a",
		"b4c5f853-4368-b964-822d-a1928732d769"
	],
	"folders": [],
	"timestamp": 1479307983126,
	"owner": 0,
	"public": false,
	"requests": [
		{
			"id": "20165c82-4302-7d7f-6f54-1c739d6c4a85",
			"headers": "Content-Type: application/json\n",
			"url": "http://localhost:3030/stores",
			"preRequestScript": "\n",
			"pathVariables": {},
			"method": "POST",
			"data": [],
			"dataMode": "raw",
			"version": 2,
			"tests": null,
			"currentHelper": "normal",
			"helperAttributes": {},
			"time": 1479316805730,
			"name": "Create Store",
			"description": "",
			"collectionId": "25fce958-6d5e-77f9-b95b-38aba0e91a6f",
			"responses": [],
			"rawModeData": "{      \n\t  \"name\": \"New Store\",\n      \"type\": \"BigBox\",\n      \"address\": \"123 Fake St\",\n      \"address2\": \"\",\n      \"city\": \"Springfield\",\n      \"state\": \"MN\",\n      \"zip\": \"55123\",\n      \"lat\": 44.969658,\n      \"lng\": -93.449539,\n      \"hours\": \"Mon: 10-9; Tue: 10-9; Wed: 10-9; Thurs: 10-9; Fri: 10-9; Sat: 10-9; Sun: 10-8\"\n}"
		},
		{
			"id": "2d400e90-c5dd-14a3-eeeb-adced1402249",
			"headers": "",
			"url": "localhost:3030/categories?name[$like]=*TV*",
			"preRequestScript": null,
			"pathVariables": {},
			"method": "GET",
			"data": null,
			"dataMode": "params",
			"version": 2,
			"tests": null,
			"currentHelper": "normal",
			"helperAttributes": {},
			"time": 1479317153064,
			"name": "Categories with TV in the name",
			"description": "",
			"collectionId": "25fce958-6d5e-77f9-b95b-38aba0e91a6f",
			"responses": []
		},
		{
			"id": "3ffb9a56-c80d-2f5d-9055-3f64b3601a7a",
			"headers": "Content-Type: application/json\n",
			"url": "http://localhost:3030/services",
			"preRequestScript": "\n",
			"pathVariables": {},
			"method": "POST",
			"data": [],
			"dataMode": "raw",
			"version": 2,
			"tests": null,
			"currentHelper": "normal",
			"helperAttributes": {},
			"time": 1479316811321,
			"name": "Create Service",
			"description": "",
			"collectionId": "25fce958-6d5e-77f9-b95b-38aba0e91a6f",
			"responses": [],
			"rawModeData": "{      \n\t  \"name\": \"New Service\"\n}"
		},
		{
			"id": "406272df-59a2-f46d-2fc2-49238a8dd53a",
			"headers": "",
			"url": "localhost:3030/products?$sort[price]=-1",
			"pathVariables": {},
			"preRequestScript": null,
			"method": "GET",
			"collectionId": "25fce958-6d5e-77f9-b95b-38aba0e91a6f",
			"data": null,
			"dataMode": "params",
			"name": "Highest Priced Products",
			"description": "",
			"descriptionFormat": "html",
			"time": 1479311975590,
			"version": 2,
			"responses": [],
			"tests": null,
			"currentHelper": "normal",
			"helperAttributes": {}
		},
		{
			"id": "416e9150-d2a3-9f5b-c914-793647ad6228",
			"headers": "",
			"url": "localhost:3030/categories?$select[]=name",
			"pathVariables": {},
			"preRequestScript": null,
			"method": "GET",
			"collectionId": "25fce958-6d5e-77f9-b95b-38aba0e91a6f",
			"data": null,
			"dataMode": "params",
			"name": "Category Names Only",
			"description": "",
			"descriptionFormat": "html",
			"time": 1479312151184,
			"version": 2,
			"responses": [],
			"tests": null,
			"currentHelper": "normal",
			"helperAttributes": {}
		},
		{
			"id": "61bda0b4-f97d-727d-2cd7-04ba7fad1f0b",
			"headers": "Content-Type: application/json\n",
			"url": "http://localhost:3030/products",
			"preRequestScript": null,
			"pathVariables": {},
			"method": "POST",
			"data": [],
			"dataMode": "raw",
			"version": 2,
			"tests": null,
			"currentHelper": "normal",
			"helperAttributes": {},
			"time": 1479308104422,
			"name": "Create Product",
			"description": "",
			"collectionId": "25fce958-6d5e-77f9-b95b-38aba0e91a6f",
			"responses": [],
			"rawModeData": "{\n\t\"name\": \"New Product\",\n\t\"type\": \"Hard Good\",\n\t\"upc\": \"12345676\",\n\t\"price\": 99.99,\n\t\"description\": \"This is a placeholder request for creating a new product.\",\n\t\"model\": \"NP12345\"\n}"
		},
		{
			"id": "6703061a-d41f-cb7c-10f6-794e9b489b11",
			"headers": "",
			"url": "localhost:3030/products?$select[]=name&$select[]=description",
			"pathVariables": {},
			"preRequestScript": null,
			"method": "GET",
			"collectionId": "25fce958-6d5e-77f9-b95b-38aba0e91a6f",
			"data": null,
			"dataMode": "params",
			"name": "Product Name and Description Only",
			"description": "",
			"descriptionFormat": "html",
			"time": 1479312054564,
			"version": 2,
			"responses": [],
			"tests": null,
			"currentHelper": "normal",
			"helperAttributes": {}
		},
		{
			"id": "995efcb7-2908-4a6e-0ef5-7ea1fad04793",
			"headers": "",
			"url": "localhost:3030/stores?state=MN",
			"pathVariables": {},
			"preRequestScript": "\n",
			"method": "GET",
			"collectionId": "25fce958-6d5e-77f9-b95b-38aba0e91a6f",
			"data": null,
			"dataMode": "params",
			"name": "Find stores in Minnesota",
			"description": "",
			"descriptionFormat": "html",
			"time": 1479316578192,
			"version": 2,
			"responses": [],
			"tests": null,
			"currentHelper": "normal",
			"helperAttributes": {}
		},
		{
			"id": "b4c5f853-4368-b964-822d-a1928732d769",
			"headers": "Content-Type: application/json\n",
			"url": "http://localhost:3030/categories",
			"preRequestScript": "\n",
			"pathVariables": {},
			"method": "POST",
			"data": [],
			"dataMode": "raw",
			"version": 2,
			"tests": null,
			"currentHelper": "normal",
			"helperAttributes": {},
			"time": 1479317038362,
			"name": "Create Category",
			"description": "",
			"collectionId": "25fce958-6d5e-77f9-b95b-38aba0e91a6f",
			"responses": [],
			"rawModeData": "{      \n\t\"id\": \"pcmcat12345\",\n\t\"name\": \"New Category\"\n}"
		},
		{
			"id": "c17d89ac-0b84-9c1f-8112-c89085a3ca34",
			"headers": "",
			"url": "http://localhost:3030/stores?near=90210&service.name=Windows%20Store",
			"pathVariables": {},
			"preRequestScript": null,
			"method": "GET",
			"collectionId": "25fce958-6d5e-77f9-b95b-38aba0e91a6f",
			"data": null,
			"dataMode": "params",
			"name": "Find Stores Within 10 Miles of Beverly Hills",
			"description": "",
			"descriptionFormat": "html",
			"time": 1479393451504,
			"version": 2,
			"responses": [],
			"tests": null,
			"currentHelper": "normal",
			"helperAttributes": {}
		},
		{
			"id": "e35ca4f1-b09c-546f-925f-ba6ca50d660e",
			"headers": "",
			"url": "localhost:3030/products?category.name=TVs&price[$gt]=500&price[$lt]=800&shipping[$eq]=0",
			"pathVariables": {},
			"preRequestScript": null,
			"method": "GET",
			"collectionId": "25fce958-6d5e-77f9-b95b-38aba0e91a6f",
			"data": null,
			"dataMode": "params",
			"name": "TVs with free shipping and price between $500 and $800",
			"description": "",
			"descriptionFormat": "html",
			"time": 1479312262984,
			"version": 2,
			"responses": [],
			"tests": null,
			"currentHelper": "normal",
			"helperAttributes": {}
		},
		{
			"id": "e97750d1-a17b-d833-cad3-b334eae40b8d",
			"headers": "",
			"url": "localhost:3030/stores?service.name=Apple Shop",
			"pathVariables": {},
			"preRequestScript": "\n",
			"method": "GET",
			"collectionId": "25fce958-6d5e-77f9-b95b-38aba0e91a6f",
			"data": null,
			"dataMode": "params",
			"name": "Find stores that sell Apple products",
			"description": "",
			"descriptionFormat": "html",
			"time": 1479316524978,
			"version": 2,
			"responses": [],
			"tests": null,
			"currentHelper": "normal",
			"helperAttributes": {}
		}
	]
}